vessel_id,gfw_vessel_id,mmsi,anchor_date,target,suspicion_score,cv_fold
gfw:603568cbb-bbaf-ea18-ae37-143bf2129370,603568cbb-bbaf-ea18-ae37-143bf2129370,273457210,2026-08-12 00:00:00+00:00,0,0.9845510011674642,0
gfw:54c939707-7719-d7f6-4e07-9c719d6438f4,54c939707-7719-d7f6-4e07-9c719d6438f4,273612380,2026-08-12 00:00:00+00:00,0,0.9484603076043291,0
gfw:7d2bab609-936c-9ed5-8248-908b44196c22,7d2bab609-936c-9ed5-8248-908b44196c22,261054050,2026-08-12 00:00:00+00:00,0,0.910546233774469,0
gfw:cc195c94a-af7f-cb8b-c11f-668a6191feb1,cc195c94a-af7f-cb8b-c11f-668a6191feb1,518159023,2026-08-12 00:00:00+00:00,0,0.7752766868609732,2
gfw:beec46710-0f1f-ee73-306a-1187f489b50a,beec46710-0f1f-ee73-306a-1187f489b50a,273336030,2026-08-12 00:00:00+00:00,0,0.7718501381370135,2
gfw:ada9027cf-f205-cdfb-8dba-5f269580c9fe,ada9027cf-f205-cdfb-8dba-5f269580c9fe,273437790,2026-08-12 00:00:00+00:00,0,0.6913146466793298,2
gfw:b6e06abcb-b874-2162-bc85-f9920b0c51b3,b6e06abcb-b874-2162-bc85-f9920b0c51b3,273374920,2026-08-12 00:00:00+00:00,0,0.6404620154061599,0
gfw:c56639d0d-d705-44dd-a3a8-3f8f0adbbf90,c56639d0d-d705-44dd-a3a8-3f8f0adbbf90,273381060,2026-08-12 00:00:00+00:00,0,0.6038517839526752,1
gfw:78e9886b5-5526-c70e-88a1-6f4cfefde47b,78e9886b5-5526-c70e-88a1-6f4cfefde47b,273612170,2026-08-12 00:00:00+00:00,0,0.5703173684687322,1
gfw:28d3b473d-d160-b6fc-9530-4ea02cb6e7b8,28d3b473d-d160-b6fc-9530-4ea02cb6e7b8,273873500,2026-08-12 00:00:00+00:00,0,0.5546294661480565,2
gfw:a61d43f97-7f64-98e4-c795-3def9e9baea0,a61d43f97-7f64-98e4-c795-3def9e9baea0,273397960,2026-08-12 00:00:00+00:00,0,0.5161112975494507,2
gfw:1289f4b93-3968-f219-9834-58cc11d63216,1289f4b93-3968-f219-9834-58cc11d63216,273330280,2026-08-12 00:00:00+00:00,0,0.48904880539548645,1
gfw:bafd9bcb0-073a-9707-8b80-662b2b7ea310,bafd9bcb0-073a-9707-8b80-662b2b7ea310,273433220,2026-08-12 00:00:00+00:00,0,0.3883758961997311,2
gfw:ac80d677a-a848-48db-f1ca-8631112e8cad,ac80d677a-a848-48db-f1ca-8631112e8cad,314784000,2026-08-12 00:00:00+00:00,0,0.35749426777767424,2
gfw:ca98bc9bd-d53c-a0e6-711f-18eff75d4868,ca98bc9bd-d53c-a0e6-711f-18eff75d4868,230662000,2026-08-12 00:00:00+00:00,0,0.3036098722900789,0
gfw:078f70ce4-4290-05d4-3f79-91feb02f27ef,078f70ce4-4290-05d4-3f79-91feb02f27ef,352002652,2026-08-12 00:00:00+00:00,0,0.24910405456385779,2
gfw:a5b8dc72b-b0ac-4069-518a-1464963e76ba,a5b8dc72b-b0ac-4069-518a-1464963e76ba,352002826,2026-08-12 00:00:00+00:00,0,0.23899945201419895,0
gfw:3dbe5831f-fee2-57e3-0406-5603bff908f8,3dbe5831f-fee2-57e3-0406-5603bff908f8,273357670,2026-08-12 00:00:00+00:00,0,0.23695217573747027,1
gfw:49f1d8357-760a-549a-9fc7-1ce60504e63b,49f1d8357-760a-549a-9fc7-1ce60504e63b,273348470,2026-08-12 00:00:00+00:00,0,0.22004093012953932,2
gfw:8038b0886-669b-2c21-9377-17259fef59fc,8038b0886-669b-2c21-9377-17259fef59fc,257943000,2026-08-12 00:00:00+00:00,0,0.2067091173282845,2
gfw:a13d57f62-2119-9e7a-5948-23251600a2c0,a13d57f62-2119-9e7a-5948-23251600a2c0,636026677,2026-08-12 00:00:00+00:00,0,0.20445100134451302,2
gfw:793edba16-6fb3-9b31-f018-9c7cb6b48a48,793edba16-6fb3-9b31-f018-9c7cb6b48a48,273296620,2026-08-12 00:00:00+00:00,0,0.19544936706964927,2
gfw:52fb9c9f6-648d-a37b-97d5-4bd39ff04a78,52fb9c9f6-648d-a37b-97d5-4bd39ff04a78,255924000,2026-08-12 00:00:00+00:00,0,0.17946781630538353,0
gfw:34ab7b8f1-1153-dcae-3175-7a24163b7859,34ab7b8f1-1153-dcae-3175-7a24163b7859,273445180,2026-08-12 00:00:00+00:00,0,0.17224683834428245,2
gfw:3ef93d19c-c7ca-e916-e544-df9038d01606,3ef93d19c-c7ca-e916-e544-df9038d01606,210090000,2026-08-12 00:00:00+00:00,0,0.1722071372733123,2
gfw:eea68ae57-7c69-7a1e-2f99-f2c14b13720e,eea68ae57-7c69-7a1e-2f99-f2c14b13720e,273819200,2026-08-12 00:00:00+00:00,0,0.16397843413951307,1
gfw:dabbfcccd-d010-b32d-5100-54c1c0911547,dabbfcccd-d010-b32d-5100-54c1c0911547,273897410,2026-08-12 00:00:00+00:00,0,0.1612880929668288,1
gfw:faf48a82d-ddbf-48bb-fffa-2f5cad6f5b41,faf48a82d-ddbf-48bb-fffa-2f5cad6f5b41,538005406,2026-08-12 00:00:00+00:00,0,0.12377742117424555,2
gfw:f2b4fddbe-e8da-28a3-c682-035d8cc71caa,f2b4fddbe-e8da-28a3-c682-035d8cc71caa,273336280,2026-08-12 00:00:00+00:00,0,0.10736858590712071,2
gfw:11705c7a4-4f82-3526-1ee7-c50392f35447,11705c7a4-4f82-3526-1ee7-c50392f35447,273377320,2026-08-12 00:00:00+00:00,0,0.10557564698082841,0
gfw:3f2285c02-2bcd-3279-6dcf-185cc6b61d65,3f2285c02-2bcd-3279-6dcf-185cc6b61d65,273894000,2026-08-12 00:00:00+00:00,0,0.1040913412273461,2
gfw:58046a6cc-c6c5-97aa-742a-e04b317132b5,58046a6cc-c6c5-97aa-742a-e04b317132b5,255806226,2026-08-12 00:00:00+00:00,0,0.09672827838532776,0
gfw:5a7065a7e-e280-19c7-6f8a-a534ec71a47e,5a7065a7e-e280-19c7-6f8a-a534ec71a47e,273617460,2026-08-13 00:00:00+00:00,0,0.9955215344925332,0
gfw:603568cbb-bbaf-ea18-ae37-143bf2129370,603568cbb-bbaf-ea18-ae37-143bf2129370,273457210,2026-08-13 00:00:00+00:00,0,0.9685641496515517,0
gfw:7d2bab609-936c-9ed5-8248-908b44196c22,7d2bab609-936c-9ed5-8248-908b44196c22,261054050,2026-08-13 00:00:00+00:00,0,0.910546233774469,0
gfw:cc195c94a-af7f-cb8b-c11f-668a6191feb1,cc195c94a-af7f-cb8b-c11f-668a6191feb1,518159023,2026-08-13 00:00:00+00:00,0,0.7752766868609732,2
gfw:c56639d0d-d705-44dd-a3a8-3f8f0adbbf90,c56639d0d-d705-44dd-a3a8-3f8f0adbbf90,273381060,2026-08-13 00:00:00+00:00,0,0.7524878215125183,1
gfw:a61d43f97-7f64-98e4-c795-3def9e9baea0,a61d43f97-7f64-98e4-c795-3def9e9baea0,273397960,2026-08-13 00:00:00+00:00,0,0.5161112975494507,2
gfw:ada9027cf-f205-cdfb-8dba-5f269580c9fe,ada9027cf-f205-cdfb-8dba-5f269580c9fe,273437790,2026-08-13 00:00:00+00:00,0,0.4932116732977343,2
gfw:78e9886b5-5526-c70e-88a1-6f4cfefde47b,78e9886b5-5526-c70e-88a1-6f4cfefde47b,273612170,2026-08-13 00:00:00+00:00,0,0.3124390053131259,1
gfw:ca98bc9bd-d53c-a0e6-711f-18eff75d4868,ca98bc9bd-d53c-a0e6-711f-18eff75d4868,230662000,2026-08-13 00:00:00+00:00,0,0.3036098722900789,0
gfw:1289f4b93-3968-f219-9834-58cc11d63216,1289f4b93-3968-f219-9834-58cc11d63216,273330280,2026-08-13 00:00:00+00:00,0,0.2845494032745532,1
gfw:ae8ec4967-7cc2-f15e-5377-c393ed598f38,ae8ec4967-7cc2-f15e-5377-c393ed598f38,273001307,2026-08-13 00:00:00+00:00,0,0.26053103025140895,2
gfw:84cd67357-7f47-cb67-a67e-20a4dd3763e2,84cd67357-7f47-cb67-a67e-20a4dd3763e2,273840710,2026-08-13 00:00:00+00:00,0,0.21619579250794593,1
gfw:49f1d8357-760a-549a-9fc7-1ce60504e63b,49f1d8357-760a-549a-9fc7-1ce60504e63b,273348470,2026-08-13 00:00:00+00:00,0,0.19522973763755772,2
gfw:52fb9c9f6-648d-a37b-97d5-4bd39ff04a78,52fb9c9f6-648d-a37b-97d5-4bd39ff04a78,255924000,2026-08-13 00:00:00+00:00,0,0.17946781630538353,0
gfw:11705c7a4-4f82-3526-1ee7-c50392f35447,11705c7a4-4f82-3526-1ee7-c50392f35447,273377320,2026-08-13 00:00:00+00:00,0,0.10557564698082841,0
gfw:8448219c3-3440-122f-ed43-09b611d40fff,8448219c3-3440-122f-ed43-09b611d40fff,273435870,2026-08-13 00:00:00+00:00,0,0.0811012921169877,0
gfw:dabbfcccd-d010-b32d-5100-54c1c0911547,dabbfcccd-d010-b32d-5100-54c1c0911547,273897410,2026-08-13 00:00:00+00:00,0,0.07820474924609003,1
gfw:17263aa03-3af7-f14a-4995-7b3d1b7dadae,17263aa03-3af7-f14a-4995-7b3d1b7dadae,461000264,2026-08-13 00:00:00+00:00,0,0.07524955706944558,1
gfw:54c939707-7719-d7f6-4e07-9c719d6438f4,54c939707-7719-d7f6-4e07-9c719d6438f4,273612380,2026-08-13 00:00:00+00:00,0,0.07437386293054908,0
gfw:adcb92507-751e-747d-b5d5-1a70ab0797a6,adcb92507-751e-747d-b5d5-1a70ab0797a6,273394950,2026-08-13 00:00:00+00:00,0,0.0721851468077589,0
gfw:980eae638-812b-6d0c-5585-a7de81bdf94d,980eae638-812b-6d0c-5585-a7de81bdf94d,273296480,2026-08-13 00:00:00+00:00,0,0.07132847709373107,0
gfw:a901c9aa4-4ad4-68e0-7959-6bb2307a437f,a901c9aa4-4ad4-68e0-7959-6bb2307a437f,273619100,2026-08-13 00:00:00+00:00,0,0.06973437450221728,1
gfw:18c247a5b-b122-24d9-5f27-f1a92511d0a2,18c247a5b-b122-24d9-5f27-f1a92511d0a2,352003231,2026-08-13 00:00:00+00:00,0,0.06773985678425952,2
gfw:b6cf36c58-85a5-768f-5215-9d3558b092a0,b6cf36c58-85a5-768f-5215-9d3558b092a0,273418340,2026-08-13 00:00:00+00:00,0,0.06240049295241092,2
gfw:efac97099-95ec-f399-db34-c73e788c8488,efac97099-95ec-f399-db34-c73e788c8488,538008495,2026-08-13 00:00:00+00:00,0,0.05134622561101092,0
gfw:3dbe5831f-fee2-57e3-0406-5603bff908f8,3dbe5831f-fee2-57e3-0406-5603bff908f8,273357670,2026-08-13 00:00:00+00:00,0,0.04521566627943869,1
gfw:f2b4fddbe-e8da-28a3-c682-035d8cc71caa,f2b4fddbe-e8da-28a3-c682-035d8cc71caa,273336280,2026-08-13 00:00:00+00:00,0,0.041467746264413054,2
gfw:ad5b03958-8706-ed4e-baf6-a426e39b8621,ad5b03958-8706-ed4e-baf6-a426e39b8621,273429780,2026-08-13 00:00:00+00:00,0,0.04098416077934751,1
gfw:3ff864007-71ab-fd60-f509-a25f5291d30c,3ff864007-71ab-fd60-f509-a25f5291d30c,538090699,2026-08-13 00:00:00+00:00,0,0.03630721842363537,2
gfw:951d53fe7-7a04-3e4a-8fad-5e2a35886a3c,951d53fe7-7a04-3e4a-8fad-5e2a35886a3c,273383770,2026-08-13 00:00:00+00:00,0,0.034658736287799384,1
gfw:10ba719bd-da8c-5dc8-81e0-9ac10a1e4d5a,10ba719bd-da8c-5dc8-81e0-9ac10a1e4d5a,273437330,2026-08-13 00:00:00+00:00,0,0.033611830519308925,2
gfw:7d2bab609-936c-9ed5-8248-908b44196c22,7d2bab609-936c-9ed5-8248-908b44196c22,261054050,2026-08-14 00:00:00+00:00,0,0.910546233774469,0
gfw:cc195c94a-af7f-cb8b-c11f-668a6191feb1,cc195c94a-af7f-cb8b-c11f-668a6191feb1,518159023,2026-08-14 00:00:00+00:00,0,0.7752766868609732,2
gfw:a61d43f97-7f64-98e4-c795-3def9e9baea0,a61d43f97-7f64-98e4-c795-3def9e9baea0,273397960,2026-08-14 00:00:00+00:00,0,0.7519021431874144,2
gfw:c56639d0d-d705-44dd-a3a8-3f8f0adbbf90,c56639d0d-d705-44dd-a3a8-3f8f0adbbf90,273381060,2026-08-14 00:00:00+00:00,0,0.7269481713646319,1
gfw:53bc72ea5-582b-3ecf-3fbe-bcb3203a5f37,53bc72ea5-582b-3ecf-3fbe-bcb3203a5f37,273347730,2026-08-14 00:00:00+00:00,0,0.4640665426103506,2
gfw:ca98bc9bd-d53c-a0e6-711f-18eff75d4868,ca98bc9bd-d53c-a0e6-711f-18eff75d4868,230662000,2026-08-14 00:00:00+00:00,0,0.3036098722900789,0
gfw:ada9027cf-f205-cdfb-8dba-5f269580c9fe,ada9027cf-f205-cdfb-8dba-5f269580c9fe,273437790,2026-08-14 00:00:00+00:00,0,0.2770189655018864,2
gfw:e5c6113a6-61bb-4ff6-de6b-6da74aef7439,e5c6113a6-61bb-4ff6-de6b-6da74aef7439,273430940,2026-08-14 00:00:00+00:00,0,0.2705293593986768,0
gfw:1289f4b93-3968-f219-9834-58cc11d63216,1289f4b93-3968-f219-9834-58cc11d63216,273330280,2026-08-14 00:00:00+00:00,0,0.24383687325377854,1
gfw:78e9886b5-5526-c70e-88a1-6f4cfefde47b,78e9886b5-5526-c70e-88a1-6f4cfefde47b,273612170,2026-08-14 00:00:00+00:00,0,0.2193113580377954,1
gfw:0792b3494-489c-9e38-8919-08b9da276751,0792b3494-489c-9e38-8919-08b9da276751,273815110,2026-08-14 00:00:00+00:00,0,0.20876706432887204,1
gfw:52fb9c9f6-648d-a37b-97d5-4bd39ff04a78,52fb9c9f6-648d-a37b-97d5-4bd39ff04a78,255924000,2026-08-14 00:00:00+00:00,0,0.17946781630538353,0
gfw:dabbfcccd-d010-b32d-5100-54c1c0911547,dabbfcccd-d010-b32d-5100-54c1c0911547,273897410,2026-08-14 00:00:00+00:00,0,0.14604853030955617,1
gfw:4448fdcb8-8f92-8764-296b-993d1f7f1754,4448fdcb8-8f92-8764-296b-993d1f7f1754,413595860,2026-08-14 00:00:00+00:00,0,0.12682427684471534,1
gfw:49f1d8357-760a-549a-9fc7-1ce60504e63b,49f1d8357-760a-549a-9fc7-1ce60504e63b,273348470,2026-08-14 00:00:00+00:00,0,0.12517693888711984,2
gfw:11705c7a4-4f82-3526-1ee7-c50392f35447,11705c7a4-4f82-3526-1ee7-c50392f35447,273377320,2026-08-14 00:00:00+00:00,0,0.10557564698082841,0
gfw:ae8ec4967-7cc2-f15e-5377-c393ed598f38,ae8ec4967-7cc2-f15e-5377-c393ed598f38,273001307,2026-08-14 00:00:00+00:00,0,0.09202458313166133,2
gfw:7ea4dd109-9f1b-0865-5ee4-41cf47fe4048,7ea4dd109-9f1b-0865-5ee4-41cf47fe4048,273267230,2026-08-14 00:00:00+00:00,0,0.08828353623254992,2
gfw:18c247a5b-b122-24d9-5f27-f1a92511d0a2,18c247a5b-b122-24d9-5f27-f1a92511d0a2,352003231,2026-08-14 00:00:00+00:00,0,0.06773985678425952,2
gfw:7ca3a8c38-870c-9fe9-3c26-b4bb76bcd6cb,7ca3a8c38-870c-9fe9-3c26-b4bb76bcd6cb,273458300,2026-08-14 00:00:00+00:00,0,0.059819602114052704,2
gfw:a5b0dca6a-ae27-3f41-ff13-adc987d283aa,a5b0dca6a-ae27-3f41-ff13-adc987d283aa,273385760,2026-08-14 00:00:00+00:00,0,0.05240463100399732,0
gfw:efac97099-95ec-f399-db34-c73e788c8488,efac97099-95ec-f399-db34-c73e788c8488,538008495,2026-08-14 00:00:00+00:00,0,0.05134622561101092,0
gfw:b44babe96-69f8-051d-4bc9-26db55a87bec,b44babe96-69f8-051d-4bc9-26db55a87bec,273842320,2026-08-14 00:00:00+00:00,0,0.045864882973963086,1
gfw:ad5b03958-8706-ed4e-baf6-a426e39b8621,ad5b03958-8706-ed4e-baf6-a426e39b8621,273429780,2026-08-14 00:00:00+00:00,0,0.042422070318373396,1
gfw:84cd67357-7f47-cb67-a67e-20a4dd3763e2,84cd67357-7f47-cb67-a67e-20a4dd3763e2,273840710,2026-08-14 00:00:00+00:00,0,0.028703672202177677,1
gfw:b15e0ec44-461c-e3b0-bfbb-1eb5875ce76f,b15e0ec44-461c-e3b0-bfbb-1eb5875ce76f,511101319,2026-08-14 00:00:00+00:00,0,0.028106193067141,2
gfw:3f2285c02-2bcd-3279-6dcf-185cc6b61d65,3f2285c02-2bcd-3279-6dcf-185cc6b61d65,273894000,2026-08-14 00:00:00+00:00,0,0.025232890036703298,2
gfw:10ba719bd-da8c-5dc8-81e0-9ac10a1e4d5a,10ba719bd-da8c-5dc8-81e0-9ac10a1e4d5a,273437330,2026-08-14 00:00:00+00:00,0,0.02462109336653472,2
gfw:adcb92507-751e-747d-b5d5-1a70ab0797a6,adcb92507-751e-747d-b5d5-1a70ab0797a6,273394950,2026-08-14 00:00:00+00:00,0,0.02434427879988913,0
gfw:bb1bd2769-9406-e4f9-baec-25c7d5138503,bb1bd2769-9406-e4f9-baec-25c7d5138503,273270450,2026-08-14 00:00:00+00:00,0,0.02388957736199193,2
gfw:5277aeb83-3a6d-2be6-7433-425d0fa374e6,5277aeb83-3a6d-2be6-7433-425d0fa374e6,372453000,2026-08-14 00:00:00+00:00,0,0.023419040448294088,0
gfw:7d2bab609-936c-9ed5-8248-908b44196c22,7d2bab609-936c-9ed5-8248-908b44196c22,261054050,2026-08-15 00:00:00+00:00,0,0.910546233774469,0
gfw:cc195c94a-af7f-cb8b-c11f-668a6191feb1,cc195c94a-af7f-cb8b-c11f-668a6191feb1,518159023,2026-08-15 00:00:00+00:00,0,0.7752766868609732,2
gfw:53bc72ea5-582b-3ecf-3fbe-bcb3203a5f37,53bc72ea5-582b-3ecf-3fbe-bcb3203a5f37,273347730,2026-08-15 00:00:00+00:00,0,0.43354214224322424,2
gfw:ada9027cf-f205-cdfb-8dba-5f269580c9fe,ada9027cf-f205-cdfb-8dba-5f269580c9fe,273437790,2026-08-15 00:00:00+00:00,0,0.4000962298414572,2
gfw:c56639d0d-d705-44dd-a3a8-3f8f0adbbf90,c56639d0d-d705-44dd-a3a8-3f8f0adbbf90,273381060,2026-08-15 00:00:00+00:00,0,0.34476940243498816,1
gfw:ca98bc9bd-d53c-a0e6-711f-18eff75d4868,ca98bc9bd-d53c-a0e6-711f-18eff75d4868,230662000,2026-08-15 00:00:00+00:00,0,0.3036098722900789,0
gfw:78e9886b5-5526-c70e-88a1-6f4cfefde47b,78e9886b5-5526-c70e-88a1-6f4cfefde47b,273612170,2026-08-15 00:00:00+00:00,0,0.29450237956850844,1
gfw:e5c6113a6-61bb-4ff6-de6b-6da74aef7439,e5c6113a6-61bb-4ff6-de6b-6da74aef7439,273430940,2026-08-15 00:00:00+00:00,0,0.2705293593986768,0
gfw:e8cd5f231-1a9f-80a8-940d-20e1862d0164,e8cd5f231-1a9f-80a8-940d-20e1862d0164,273824900,2026-08-15 00:00:00+00:00,0,0.12976358144798628,1
gfw:10ba719bd-da8c-5dc8-81e0-9ac10a1e4d5a,10ba719bd-da8c-5dc8-81e0-9ac10a1e4d5a,273437330,2026-08-15 00:00:00+00:00,0,0.12944462186941263,2
gfw:34ab7b8f1-1153-dcae-3175-7a24163b7859,34ab7b8f1-1153-dcae-3175-7a24163b7859,273445180,2026-08-15 00:00:00+00:00,0,0.12246987178147307,2
gfw:11705c7a4-4f82-3526-1ee7-c50392f35447,11705c7a4-4f82-3526-1ee7-c50392f35447,273377320,2026-08-15 00:00:00+00:00,0,0.10557564698082841,0
gfw:7ca3a8c38-870c-9fe9-3c26-b4bb76bcd6cb,7ca3a8c38-870c-9fe9-3c26-b4bb76bcd6cb,273458300,2026-08-15 00:00:00+00:00,0,0.07661340020812955,2
gfw:dabbfcccd-d010-b32d-5100-54c1c0911547,dabbfcccd-d010-b32d-5100-54c1c0911547,273897410,2026-08-15 00:00:00+00:00,0,0.0669595256264035,1
gfw:7ea4dd109-9f1b-0865-5ee4-41cf47fe4048,7ea4dd109-9f1b-0865-5ee4-41cf47fe4048,273267230,2026-08-15 00:00:00+00:00,0,0.05435635762197706,2
gfw:7e5bfd4d7-7068-60e1-571d-1ba2a64024ab,7e5bfd4d7-7068-60e1-571d-1ba2a64024ab,273523400,2026-08-15 00:00:00+00:00,0,0.05410300399357196,1
gfw:951d53fe7-7a04-3e4a-8fad-5e2a35886a3c,951d53fe7-7a04-3e4a-8fad-5e2a35886a3c,273383770,2026-08-15 00:00:00+00:00,0,0.05367305868642761,1
gfw:49f1d8357-760a-549a-9fc7-1ce60504e63b,49f1d8357-760a-549a-9fc7-1ce60504e63b,273348470,2026-08-15 00:00:00+00:00,0,0.05364212107498859,2
gfw:efac97099-95ec-f399-db34-c73e788c8488,efac97099-95ec-f399-db34-c73e788c8488,538008495,2026-08-15 00:00:00+00:00,0,0.05134622561101092,0
gfw:1289f4b93-3968-f219-9834-58cc11d63216,1289f4b93-3968-f219-9834-58cc11d63216,273330280,2026-08-15 00:00:00+00:00,0,0.04480730550713176,1
gfw:bb1bd2769-9406-e4f9-baec-25c7d5138503,bb1bd2769-9406-e4f9-baec-25c7d5138503,273270450,2026-08-15 00:00:00+00:00,0,0.037058771331047055,2
gfw:0792b3494-489c-9e38-8919-08b9da276751,0792b3494-489c-9e38-8919-08b9da276751,273815110,2026-08-15 00:00:00+00:00,0,0.023598977398050714,1
gfw:5277aeb83-3a6d-2be6-7433-425d0fa374e6,5277aeb83-3a6d-2be6-7433-425d0fa374e6,372453000,2026-08-15 00:00:00+00:00,0,0.020752207102401072,0
gfw:3b8e29593-3ea8-572e-eaf3-436e8a3c25ca,3b8e29593-3ea8-572e-eaf3-436e8a3c25ca,277202070,2026-08-15 00:00:00+00:00,0,0.018535649343822198,1
gfw:2fae791b6-628a-3bb9-e182-724aa2b7b53f,2fae791b6-628a-3bb9-e182-724aa2b7b53f,273386140,2026-08-15 00:00:00+00:00,0,0.017255248847646773,1
gfw:3f2285c02-2bcd-3279-6dcf-185cc6b61d65,3f2285c02-2bcd-3279-6dcf-185cc6b61d65,273894000,2026-08-15 00:00:00+00:00,0,0.01666680614557415,2
gfw:f2b4fddbe-e8da-28a3-c682-035d8cc71caa,f2b4fddbe-e8da-28a3-c682-035d8cc71caa,273336280,2026-08-15 00:00:00+00:00,0,0.016156964800768656,2
gfw:a5b0dca6a-ae27-3f41-ff13-adc987d283aa,a5b0dca6a-ae27-3f41-ff13-adc987d283aa,273385760,2026-08-15 00:00:00+00:00,0,0.015362250073201805,0
gfw:28d6379d9-9224-3d12-a89d-a7b72843e368,28d6379d9-9224-3d12-a89d-a7b72843e368,273358680,2026-08-15 00:00:00+00:00,0,0.01413112718504422,1
gfw:e89a16b9b-b71b-366e-9d62-36ff1acb3498,e89a16b9b-b71b-366e-9d62-36ff1acb3498,273454650,2026-08-15 00:00:00+00:00,0,0.013670972684601644,0
gfw:8f1e5726a-a552-6a5b-db27-3aee0cfd3f9e,8f1e5726a-a552-6a5b-db27-3aee0cfd3f9e,261002530,2026-08-15 00:00:00+00:00,0,0.013455809427454111,0
gfw:7d2bab609-936c-9ed5-8248-908b44196c22,7d2bab609-936c-9ed5-8248-908b44196c22,261054050,2026-08-16 00:00:00+00:00,0,0.910546233774469,0
gfw:c56639d0d-d705-44dd-a3a8-3f8f0adbbf90,c56639d0d-d705-44dd-a3a8-3f8f0adbbf90,273381060,2026-08-16 00:00:00+00:00,0,0.8154669852725639,1
gfw:cc195c94a-af7f-cb8b-c11f-668a6191feb1,cc195c94a-af7f-cb8b-c11f-668a6191feb1,518159023,2026-08-16 00:00:00+00:00,0,0.7752766868609732,2
gfw:53bc72ea5-582b-3ecf-3fbe-bcb3203a5f37,53bc72ea5-582b-3ecf-3fbe-bcb3203a5f37,273347730,2026-08-16 00:00:00+00:00,0,0.35850676471823684,2
gfw:ca98bc9bd-d53c-a0e6-711f-18eff75d4868,ca98bc9bd-d53c-a0e6-711f-18eff75d4868,230662000,2026-08-16 00:00:00+00:00,0,0.3036098722900789,0
gfw:e5c6113a6-61bb-4ff6-de6b-6da74aef7439,e5c6113a6-61bb-4ff6-de6b-6da74aef7439,273430940,2026-08-16 00:00:00+00:00,0,0.2705293593986768,0
gfw:78e9886b5-5526-c70e-88a1-6f4cfefde47b,78e9886b5-5526-c70e-88a1-6f4cfefde47b,273612170,2026-08-16 00:00:00+00:00,0,0.2412663346946087,1
gfw:e8cd5f231-1a9f-80a8-940d-20e1862d0164,e8cd5f231-1a9f-80a8-940d-20e1862d0164,273824900,2026-08-16 00:00:00+00:00,0,0.15862442408099114,1
gfw:ada9027cf-f205-cdfb-8dba-5f269580c9fe,ada9027cf-f205-cdfb-8dba-5f269580c9fe,273437790,2026-08-16 00:00:00+00:00,0,0.06994391554213966,2
gfw:34ab7b8f1-1153-dcae-3175-7a24163b7859,34ab7b8f1-1153-dcae-3175-7a24163b7859,273445180,2026-08-16 00:00:00+00:00,0,0.05512742268803334,2
gfw:efac97099-95ec-f399-db34-c73e788c8488,efac97099-95ec-f399-db34-c73e788c8488,538008495,2026-08-16 00:00:00+00:00,0,0.05134622561101092,0
gfw:10ba719bd-da8c-5dc8-81e0-9ac10a1e4d5a,10ba719bd-da8c-5dc8-81e0-9ac10a1e4d5a,273437330,2026-08-16 00:00:00+00:00,0,0.03663259818806717,2
gfw:1289f4b93-3968-f219-9834-58cc11d63216,1289f4b93-3968-f219-9834-58cc11d63216,273330280,2026-08-16 00:00:00+00:00,0,0.029450503988971134,1
gfw:28d6379d9-9224-3d12-a89d-a7b72843e368,28d6379d9-9224-3d12-a89d-a7b72843e368,273358680,2026-08-16 00:00:00+00:00,0,0.028553921570411124,1
gfw:49f1d8357-760a-549a-9fc7-1ce60504e63b,49f1d8357-760a-549a-9fc7-1ce60504e63b,273348470,2026-08-16 00:00:00+00:00,0,0.019690183058667113,2
gfw:0792b3494-489c-9e38-8919-08b9da276751,0792b3494-489c-9e38-8919-08b9da276751,273815110,2026-08-16 00:00:00+00:00,0,0.018921996136999953,1
gfw:3b8e29593-3ea8-572e-eaf3-436e8a3c25ca,3b8e29593-3ea8-572e-eaf3-436e8a3c25ca,277202070,2026-08-16 00:00:00+00:00,0,0.018535649343822198,1
gfw:dabbfcccd-d010-b32d-5100-54c1c0911547,dabbfcccd-d010-b32d-5100-54c1c0911547,273897410,2026-08-16 00:00:00+00:00,0,0.01604025757863298,1
gfw:8f1e5726a-a552-6a5b-db27-3aee0cfd3f9e,8f1e5726a-a552-6a5b-db27-3aee0cfd3f9e,261002530,2026-08-16 00:00:00+00:00,0,0.013455809427454111,0
gfw:e060c5bf2-202c-8b2f-1f58-8ff8f4924ad6,e060c5bf2-202c-8b2f-1f58-8ff8f4924ad6,244742000,2026-08-16 00:00:00+00:00,0,0.009221347088885529,2
gfw:7ea4dd109-9f1b-0865-5ee4-41cf47fe4048,7ea4dd109-9f1b-0865-5ee4-41cf47fe4048,273267230,2026-08-16 00:00:00+00:00,0,0.008656056944268678,2
gfw:bb1bd2769-9406-e4f9-baec-25c7d5138503,bb1bd2769-9406-e4f9-baec-25c7d5138503,273270450,2026-08-16 00:00:00+00:00,0,0.00860151207635911,2
gfw:d1d38ceee-eea0-ca00-50f2-4360e87cdb2c,d1d38ceee-eea0-ca00-50f2-4360e87cdb2c,273398180,2026-08-16 00:00:00+00:00,0,0.008359758861179454,2
gfw:f588e8562-2b12-5f90-78a3-88b03d1ad731,f588e8562-2b12-5f90-78a3-88b03d1ad731,636025194,2026-08-16 00:00:00+00:00,0,0.007425483668465845,1
gfw:f38f22e23-33c5-3643-76da-9e4f3e481285,f38f22e23-33c5-3643-76da-9e4f3e481285,273431530,2026-08-16 00:00:00+00:00,0,0.006573278807581995,2
gfw:7ca3a8c38-870c-9fe9-3c26-b4bb76bcd6cb,7ca3a8c38-870c-9fe9-3c26-b4bb76bcd6cb,273458300,2026-08-16 00:00:00+00:00,0,0.0057253975851931545,2
gfw:54c939707-7719-d7f6-4e07-9c719d6438f4,54c939707-7719-d7f6-4e07-9c719d6438f4,273612380,2026-08-16 00:00:00+00:00,0,0.004902192014849029,0
gfw:6182cc0c7-715e-c596-fc05-df74892f6975,6182cc0c7-715e-c596-fc05-df74892f6975,352005654,2026-08-16 00:00:00+00:00,0,0.004857001520251517,2
gfw:951d53fe7-7a04-3e4a-8fad-5e2a35886a3c,951d53fe7-7a04-3e4a-8fad-5e2a35886a3c,273383770,2026-08-16 00:00:00+00:00,0,0.004775996530302049,1
gfw:3f2285c02-2bcd-3279-6dcf-185cc6b61d65,3f2285c02-2bcd-3279-6dcf-185cc6b61d65,273894000,2026-08-16 00:00:00+00:00,0,0.004226830293226321,2
gfw:044f57ee6-625b-a904-65c3-498d20365cbb,044f57ee6-625b-a904-65c3-498d20365cbb,630001147,2026-08-16 00:00:00+00:00,0,0.004079883309951591,2
gfw:7d2bab609-936c-9ed5-8248-908b44196c22,7d2bab609-936c-9ed5-8248-908b44196c22,261054050,2026-08-17 00:00:00+00:00,0,0.910546233774469,0
gfw:cc195c94a-af7f-cb8b-c11f-668a6191feb1,cc195c94a-af7f-cb8b-c11f-668a6191feb1,518159023,2026-08-17 00:00:00+00:00,0,0.7752766868609732,2
gfw:c56639d0d-d705-44dd-a3a8-3f8f0adbbf90,c56639d0d-d705-44dd-a3a8-3f8f0adbbf90,273381060,2026-08-17 00:00:00+00:00,0,0.5631371138689785,1
gfw:34ab7b8f1-1153-dcae-3175-7a24163b7859,34ab7b8f1-1153-dcae-3175-7a24163b7859,273445180,2026-08-17 00:00:00+00:00,0,0.3295571618961379,2
gfw:ca98bc9bd-d53c-a0e6-711f-18eff75d4868,ca98bc9bd-d53c-a0e6-711f-18eff75d4868,230662000,2026-08-17 00:00:00+00:00,0,0.3036098722900789,0
gfw:58a85ae12-264f-ea00-2170-6278a548515a,58a85ae12-264f-ea00-2170-6278a548515a,273253860,2026-08-17 00:00:00+00:00,0,0.28485061755925095,1
gfw:e8cd5f231-1a9f-80a8-940d-20e1862d0164,e8cd5f231-1a9f-80a8-940d-20e1862d0164,273824900,2026-08-17 00:00:00+00:00,0,0.17143001995638935,1
gfw:78e9886b5-5526-c70e-88a1-6f4cfefde47b,78e9886b5-5526-c70e-88a1-6f4cfefde47b,273612170,2026-08-17 00:00:00+00:00,0,0.12525393932512388,1
gfw:e5c6113a6-61bb-4ff6-de6b-6da74aef7439,e5c6113a6-61bb-4ff6-de6b-6da74aef7439,273430940,2026-08-17 00:00:00+00:00,0,0.05493507478779545,0
gfw:efac97099-95ec-f399-db34-c73e788c8488,efac97099-95ec-f399-db34-c73e788c8488,538008495,2026-08-17 00:00:00+00:00,0,0.05134622561101092,0
gfw:d8041ebbb-b40a-fab3-a768-e673e20d12c2,d8041ebbb-b40a-fab3-a768-e673e20d12c2,273612360,2026-08-17 00:00:00+00:00,0,0.05131329039573996,2
gfw:0792b3494-489c-9e38-8919-08b9da276751,0792b3494-489c-9e38-8919-08b9da276751,273815110,2026-08-17 00:00:00+00:00,0,0.04796790360137459,1
gfw:477682e8e-e4b4-43d5-74b7-a2596fda98b2,477682e8e-e4b4-43d5-74b7-a2596fda98b2,538002459,2026-08-17 00:00:00+00:00,0,0.03463792965039358,0
gfw:8cb91c097-7d52-4342-25fd-98a9a6341332,8cb91c097-7d52-4342-25fd-98a9a6341332,249811000,2026-08-17 00:00:00+00:00,0,0.03456798221914437,2
gfw:1289f4b93-3968-f219-9834-58cc11d63216,1289f4b93-3968-f219-9834-58cc11d63216,273330280,2026-08-17 00:00:00+00:00,0,0.020926143569940665,1
gfw:6b92447bf-fb97-9dbc-37ca-96b7ad2bdc04,6b92447bf-fb97-9dbc-37ca-96b7ad2bdc04,273426000,2026-08-17 00:00:00+00:00,0,0.02022892155122087,1
gfw:3b8e29593-3ea8-572e-eaf3-436e8a3c25ca,3b8e29593-3ea8-572e-eaf3-436e8a3c25ca,277202070,2026-08-17 00:00:00+00:00,0,0.018535649343822198,1
gfw:8d4ecd2f2-2543-a896-662d-f02be97b679e,8d4ecd2f2-2543-a896-662d-f02be97b679e,273912100,2026-08-17 00:00:00+00:00,0,0.018472529253761392,2
gfw:2794be517-715c-1706-6bcd-629ad30b7b0e,2794be517-715c-1706-6bcd-629ad30b7b0e,273356610,2026-08-17 00:00:00+00:00,0,0.017371563550525358,1
gfw:53bc72ea5-582b-3ecf-3fbe-bcb3203a5f37,53bc72ea5-582b-3ecf-3fbe-bcb3203a5f37,273347730,2026-08-17 00:00:00+00:00,0,0.014924313501806546,2
gfw:8f1e5726a-a552-6a5b-db27-3aee0cfd3f9e,8f1e5726a-a552-6a5b-db27-3aee0cfd3f9e,261002530,2026-08-17 00:00:00+00:00,0,0.013455809427454111,0
gfw:adcb92507-751e-747d-b5d5-1a70ab0797a6,adcb92507-751e-747d-b5d5-1a70ab0797a6,273394950,2026-08-17 00:00:00+00:00,0,0.013090995494978068,0
gfw:d8647bdc2-27df-3315-b1fa-91c6bdd01d72,d8647bdc2-27df-3315-b1fa-91c6bdd01d72,372685000,2026-08-17 00:00:00+00:00,0,0.013076176863887953,1
gfw:2d4963750-08d5-0646-d6d9-044c6b80f9e4,2d4963750-08d5-0646-d6d9-044c6b80f9e4,477227900,2026-08-17 00:00:00+00:00,0,0.012511083284194402,1
gfw:3dbb9bc8a-a059-6a7d-82e2-6cbe6ad7dc66,3dbb9bc8a-a059-6a7d-82e2-6cbe6ad7dc66,477123400,2026-08-17 00:00:00+00:00,0,0.010754709080605438,1
gfw:bb1bd2769-9406-e4f9-baec-25c7d5138503,bb1bd2769-9406-e4f9-baec-25c7d5138503,273270450,2026-08-17 00:00:00+00:00,0,0.010394419205617398,2
gfw:10ba719bd-da8c-5dc8-81e0-9ac10a1e4d5a,10ba719bd-da8c-5dc8-81e0-9ac10a1e4d5a,273437330,2026-08-17 00:00:00+00:00,0,0.009652316300892498,2
gfw:e060c5bf2-202c-8b2f-1f58-8ff8f4924ad6,e060c5bf2-202c-8b2f-1f58-8ff8f4924ad6,244742000,2026-08-17 00:00:00+00:00,0,0.009221347088885529,2
gfw:49f1d8357-760a-549a-9fc7-1ce60504e63b,49f1d8357-760a-549a-9fc7-1ce60504e63b,273348470,2026-08-17 00:00:00+00:00,0,0.0089564321709191,2
gfw:d1d38ceee-eea0-ca00-50f2-4360e87cdb2c,d1d38ceee-eea0-ca00-50f2-4360e87cdb2c,273398180,2026-08-17 00:00:00+00:00,0,0.008359758861179454,2
gfw:e88da1194-4657-75af-9d65-a650d2d38130,e88da1194-4657-75af-9d65-a650d2d38130,273385130,2026-08-17 00:00:00+00:00,0,0.0076001448670786845,1
gfw:a752aa32d-dc88-5f0e-3ab2-d2b3a5aafa79,a752aa32d-dc88-5f0e-3ab2-d2b3a5aafa79,249990000,2026-08-18 00:00:00+00:00,0,0.9839224788368746,0
gfw:af8ed695a-acc4-809c-aa1d-2f4ee3279447,af8ed695a-acc4-809c-aa1d-2f4ee3279447,620800476,2026-08-18 00:00:00+00:00,0,0.6684678318173671,2
gfw:e5c6113a6-61bb-4ff6-de6b-6da74aef7439,e5c6113a6-61bb-4ff6-de6b-6da74aef7439,273430940,2026-08-18 00:00:00+00:00,0,0.5629602106222833,0
gfw:c56639d0d-d705-44dd-a3a8-3f8f0adbbf90,c56639d0d-d705-44dd-a3a8-3f8f0adbbf90,273381060,2026-08-18 00:00:00+00:00,0,0.4098756429123098,1
gfw:34ab7b8f1-1153-dcae-3175-7a24163b7859,34ab7b8f1-1153-dcae-3175-7a24163b7859,273445180,2026-08-18 00:00:00+00:00,0,0.28012860031338654,2
gfw:78e9886b5-5526-c70e-88a1-6f4cfefde47b,78e9886b5-5526-c70e-88a1-6f4cfefde47b,273612170,2026-08-18 00:00:00+00:00,0,0.2745956207114886,1
gfw:7f8fbca68-8b40-4cf3-edef-f26529a50ec0,7f8fbca68-8b40-4cf3-edef-f26529a50ec0,273352230,2026-08-18 00:00:00+00:00,0,0.26337321672563285,2
gfw:e8cd5f231-1a9f-80a8-940d-20e1862d0164,e8cd5f231-1a9f-80a8-940d-20e1862d0164,273824900,2026-08-18 00:00:00+00:00,0,0.19522419905143884,1
gfw:d8647bdc2-27df-3315-b1fa-91c6bdd01d72,d8647bdc2-27df-3315-b1fa-91c6bdd01d72,372685000,2026-08-18 00:00:00+00:00,0,0.1369268385408435,1
gfw:98188f77b-b88f-8f45-4e34-387a57b9f25b,98188f77b-b88f-8f45-4e34-387a57b9f25b,671366100,2026-08-18 00:00:00+00:00,0,0.10416757845530046,1
gfw:332a3b0a0-0ec2-228f-0bf2-b6357a7ee677,332a3b0a0-0ec2-228f-0bf2-b6357a7ee677,273345230,2026-08-18 00:00:00+00:00,0,0.07292648335806856,2
gfw:78a2cd22e-e361-bb4c-2279-cd3308e99115,78a2cd22e-e361-bb4c-2279-cd3308e99115,244201000,2026-08-18 00:00:00+00:00,0,0.055316580762329336,2
gfw:b25131e48-8f1d-ceec-4a6d-47ce9772503e,b25131e48-8f1d-ceec-4a6d-47ce9772503e,273428230,2026-08-18 00:00:00+00:00,0,0.03024646662205504,2
gfw:6b92447bf-fb97-9dbc-37ca-96b7ad2bdc04,6b92447bf-fb97-9dbc-37ca-96b7ad2bdc04,273426000,2026-08-18 00:00:00+00:00,0,0.0200893830381897,1
gfw:1289f4b93-3968-f219-9834-58cc11d63216,1289f4b93-3968-f219-9834-58cc11d63216,273330280,2026-08-18 00:00:00+00:00,0,0.01914166403387257,1
gfw:1a17cd60c-c42e-856e-6d8e-e5f4dc3212a4,1a17cd60c-c42e-856e-6d8e-e5f4dc3212a4,352005769,2026-08-18 00:00:00+00:00,0,0.01685031316547911,2
gfw:1707c62a5-57c0-8327-96da-76b50e58006a,1707c62a5-57c0-8327-96da-76b50e58006a,636016692,2026-08-18 00:00:00+00:00,0,0.015506069864290614,2
gfw:49f1d8357-760a-549a-9fc7-1ce60504e63b,49f1d8357-760a-549a-9fc7-1ce60504e63b,273348470,2026-08-18 00:00:00+00:00,0,0.014987713315511035,2
gfw:892fe92f4-4776-74cd-53f3-3a61f3e160a0,892fe92f4-4776-74cd-53f3-3a61f3e160a0,273213140,2026-08-18 00:00:00+00:00,0,0.011833838324727326,1
gfw:adcb92507-751e-747d-b5d5-1a70ab0797a6,adcb92507-751e-747d-b5d5-1a70ab0797a6,273394950,2026-08-18 00:00:00+00:00,0,0.011686482860172667,0
gfw:3dbb9bc8a-a059-6a7d-82e2-6cbe6ad7dc66,3dbb9bc8a-a059-6a7d-82e2-6cbe6ad7dc66,477123400,2026-08-18 00:00:00+00:00,0,0.011580008067550922,1
gfw:faa3953f0-03ce-57a4-0675-17da18c6835a,faa3953f0-03ce-57a4-0675-17da18c6835a,273275060,2026-08-18 00:00:00+00:00,0,0.009742878751919985,1
gfw:fa14d8db4-4eae-bdf0-d0ad-ea9cea94e6ff,fa14d8db4-4eae-bdf0-d0ad-ea9cea94e6ff,613442820,2026-08-18 00:00:00+00:00,0,0.009466945047916415,2
gfw:e060c5bf2-202c-8b2f-1f58-8ff8f4924ad6,e060c5bf2-202c-8b2f-1f58-8ff8f4924ad6,244742000,2026-08-18 00:00:00+00:00,0,0.009221347088885529,2
gfw:3f2285c02-2bcd-3279-6dcf-185cc6b61d65,3f2285c02-2bcd-3279-6dcf-185cc6b61d65,273894000,2026-08-18 00:00:00+00:00,0,0.008993060439733067,2
gfw:51636ae0a-a658-4b40-c954-fe7a2ec7df72,51636ae0a-a658-4b40-c954-fe7a2ec7df72,273358420,2026-08-18 00:00:00+00:00,0,0.008428329269814589,1
gfw:65ed5b6c3-3a15-a2f1-aca9-76f05e5d27a0,65ed5b6c3-3a15-a2f1-aca9-76f05e5d27a0,273398960,2026-08-18 00:00:00+00:00,0,0.008372783552207545,1
gfw:d1d38ceee-eea0-ca00-50f2-4360e87cdb2c,d1d38ceee-eea0-ca00-50f2-4360e87cdb2c,273398180,2026-08-18 00:00:00+00:00,0,0.008359758861179454,2
gfw:10ba719bd-da8c-5dc8-81e0-9ac10a1e4d5a,10ba719bd-da8c-5dc8-81e0-9ac10a1e4d5a,273437330,2026-08-18 00:00:00+00:00,0,0.007714535073212615,2
gfw:e15d7ba28-83eb-a99c-01e4-2a3aa8b9d7b5,e15d7ba28-83eb-a99c-01e4-2a3aa8b9d7b5,311002086,2026-08-18 00:00:00+00:00,0,0.007441261449870496,1
gfw:34ab7b8f1-1153-dcae-3175-7a24163b7859,34ab7b8f1-1153-dcae-3175-7a24163b7859,273445180,2026-08-19 00:00:00+00:00,0,0.8812750143605589,2
gfw:c56639d0d-d705-44dd-a3a8-3f8f0adbbf90,c56639d0d-d705-44dd-a3a8-3f8f0adbbf90,273381060,2026-08-19 00:00:00+00:00,0,0.5136290860394579,1
gfw:78e9886b5-5526-c70e-88a1-6f4cfefde47b,78e9886b5-5526-c70e-88a1-6f4cfefde47b,273612170,2026-08-19 00:00:00+00:00,0,0.4289939903860861,1
gfw:a752aa32d-dc88-5f0e-3ab2-d2b3a5aafa79,a752aa32d-dc88-5f0e-3ab2-d2b3a5aafa79,249990000,2026-08-19 00:00:00+00:00,0,0.3781910517004039,0
gfw:7f8fbca68-8b40-4cf3-edef-f26529a50ec0,7f8fbca68-8b40-4cf3-edef-f26529a50ec0,273352230,2026-08-19 00:00:00+00:00,0,0.26337321672563285,2
gfw:e8cd5f231-1a9f-80a8-940d-20e1862d0164,e8cd5f231-1a9f-80a8-940d-20e1862d0164,273824900,2026-08-19 00:00:00+00:00,0,0.18719934673158628,1
gfw:78a2cd22e-e361-bb4c-2279-cd3308e99115,78a2cd22e-e361-bb4c-2279-cd3308e99115,244201000,2026-08-19 00:00:00+00:00,0,0.055316580762329336,2
gfw:d8647bdc2-27df-3315-b1fa-91c6bdd01d72,d8647bdc2-27df-3315-b1fa-91c6bdd01d72,372685000,2026-08-19 00:00:00+00:00,0,0.04479185347261421,1
gfw:7ac938202-2f08-2477-93da-cd20df6017fc,7ac938202-2f08-2477-93da-cd20df6017fc,231075000,2026-08-19 00:00:00+00:00,0,0.041587721973737016,2
gfw:b25131e48-8f1d-ceec-4a6d-47ce9772503e,b25131e48-8f1d-ceec-4a6d-47ce9772503e,273428230,2026-08-19 00:00:00+00:00,0,0.03024646662205504,2
gfw:1289f4b93-3968-f219-9834-58cc11d63216,1289f4b93-3968-f219-9834-58cc11d63216,273330280,2026-08-19 00:00:00+00:00,0,0.022337230735678296,1
gfw:adcb92507-751e-747d-b5d5-1a70ab0797a6,adcb92507-751e-747d-b5d5-1a70ab0797a6,273394950,2026-08-19 00:00:00+00:00,0,0.021536475915538915,0
gfw:332a3b0a0-0ec2-228f-0bf2-b6357a7ee677,332a3b0a0-0ec2-228f-0bf2-b6357a7ee677,273345230,2026-08-19 00:00:00+00:00,0,0.02129366277405081,2
gfw:99d77f002-29b9-ec31-f474-ecbf6fd61bb9,99d77f002-29b9-ec31-f474-ecbf6fd61bb9,461000236,2026-08-19 00:00:00+00:00,0,0.01743820782746388,1
gfw:10ba719bd-da8c-5dc8-81e0-9ac10a1e4d5a,10ba719bd-da8c-5dc8-81e0-9ac10a1e4d5a,273437330,2026-08-19 00:00:00+00:00,0,0.016971981622202703,2
gfw:e5c6113a6-61bb-4ff6-de6b-6da74aef7439,e5c6113a6-61bb-4ff6-de6b-6da74aef7439,273430940,2026-08-19 00:00:00+00:00,0,0.01518427148235863,0
gfw:fa948c54c-c97d-019d-9a7f-ae7f46f67853,fa948c54c-c97d-019d-9a7f-ae7f46f67853,273212000,2026-08-19 00:00:00+00:00,0,0.013122441718156984,2
gfw:5b484b1e0-0c75-05ed-d3b7-a0b3e11bf853,5b484b1e0-0c75-05ed-d3b7-a0b3e11bf853,273533100,2026-08-19 00:00:00+00:00,0,0.012670509630050765,0
gfw:49f1d8357-760a-549a-9fc7-1ce60504e63b,49f1d8357-760a-549a-9fc7-1ce60504e63b,273348470,2026-08-19 00:00:00+00:00,0,0.011974117722585848,2
gfw:1196052d1-178c-536e-36eb-fcc8184893cb,1196052d1-178c-536e-36eb-fcc8184893cb,273393130,2026-08-19 00:00:00+00:00,0,0.011479471631668238,1
gfw:994196d81-1479-8a2e-84d9-1516c055ad31,994196d81-1479-8a2e-84d9-1516c055ad31,314845000,2026-08-19 00:00:00+00:00,0,0.010889374522194333,2
gfw:e15d7ba28-83eb-a99c-01e4-2a3aa8b9d7b5,e15d7ba28-83eb-a99c-01e4-2a3aa8b9d7b5,311002086,2026-08-19 00:00:00+00:00,0,0.010577208520392723,1
gfw:fa14d8db4-4eae-bdf0-d0ad-ea9cea94e6ff,fa14d8db4-4eae-bdf0-d0ad-ea9cea94e6ff,613442820,2026-08-19 00:00:00+00:00,0,0.009466945047916415,2
gfw:a901c9aa4-4ad4-68e0-7959-6bb2307a437f,a901c9aa4-4ad4-68e0-7959-6bb2307a437f,273619100,2026-08-19 00:00:00+00:00,0,0.009248246081990296,1
gfw:3929c9275-5079-005e-a855-2dd3f5dc238d,3929c9275-5079-005e-a855-2dd3f5dc238d,273611930,2026-08-19 00:00:00+00:00,0,0.009232022050623906,1
gfw:e060c5bf2-202c-8b2f-1f58-8ff8f4924ad6,e060c5bf2-202c-8b2f-1f58-8ff8f4924ad6,244742000,2026-08-19 00:00:00+00:00,0,0.009221347088885539,2
gfw:59ca746f9-9730-26a4-ca76-b4d407c1e1e4,59ca746f9-9730-26a4-ca76-b4d407c1e1e4,307025000,2026-08-19 00:00:00+00:00,0,0.008186601154145231,1
gfw:67c5b2bf8-8473-5bf9-70db-11d5f6ed1ec3,67c5b2bf8-8473-5bf9-70db-11d5f6ed1ec3,273618490,2026-08-19 00:00:00+00:00,0,0.00686456150398051,0
gfw:401d7d43b-b266-53c4-508f-618b6d815d65,401d7d43b-b266-53c4-508f-618b6d815d65,273316750,2026-08-19 00:00:00+00:00,0,0.005140870336990855,2
gfw:f2b4fddbe-e8da-28a3-c682-035d8cc71caa,f2b4fddbe-e8da-28a3-c682-035d8cc71caa,273336280,2026-08-19 00:00:00+00:00,0,0.0040637652671643345,2
gfw:34ab7b8f1-1153-dcae-3175-7a24163b7859,34ab7b8f1-1153-dcae-3175-7a24163b7859,273445180,2026-08-20 00:00:00+00:00,0,0.9702797780796591,2
gfw:78e9886b5-5526-c70e-88a1-6f4cfefde47b,78e9886b5-5526-c70e-88a1-6f4cfefde47b,273612170,2026-08-20 00:00:00+00:00,0,0.9550862771364037,1
gfw:f78267a39-9375-b87a-3f17-fa526f846101,f78267a39-9375-b87a-3f17-fa526f846101,636022406,2026-08-20 00:00:00+00:00,0,0.7943845169196558,2
gfw:46b353fa4-4886-d1c1-4996-76b6e83aafa1,46b353fa4-4886-d1c1-4996-76b6e83aafa1,538004890,2026-08-20 00:00:00+00:00,0,0.6168596444697367,2
gfw:c83d8ad41-15dd-7cdf-e8e6-b7da6716f0ba,c83d8ad41-15dd-7cdf-e8e6-b7da6716f0ba,667001249,2026-08-20 00:00:00+00:00,0,0.6016015281085451,2
gfw:c56639d0d-d705-44dd-a3a8-3f8f0adbbf90,c56639d0d-d705-44dd-a3a8-3f8f0adbbf90,273381060,2026-08-20 00:00:00+00:00,0,0.5023898129813106,1
gfw:1196052d1-178c-536e-36eb-fcc8184893cb,1196052d1-178c-536e-36eb-fcc8184893cb,273393130,2026-08-20 00:00:00+00:00,0,0.49281238228646534,1
gfw:a752aa32d-dc88-5f0e-3ab2-d2b3a5aafa79,a752aa32d-dc88-5f0e-3ab2-d2b3a5aafa79,249990000,2026-08-20 00:00:00+00:00,0,0.45033559839989973,0
gfw:4c0d5120b-b762-f5e1-9175-9d8e9b9af9dc,4c0d5120b-b762-f5e1-9175-9d8e9b9af9dc,273450570,2026-08-20 00:00:00+00:00,0,0.2694468529666721,1
gfw:d3c33831c-c587-bf0b-50e0-2a41f849896d,d3c33831c-c587-bf0b-50e0-2a41f849896d,231766000,2026-08-20 00:00:00+00:00,0,0.266789975112749,1
gfw:7f8fbca68-8b40-4cf3-edef-f26529a50ec0,7f8fbca68-8b40-4cf3-edef-f26529a50ec0,273352230,2026-08-20 00:00:00+00:00,0,0.26337321672563285,2
gfw:49f1d8357-760a-549a-9fc7-1ce60504e63b,49f1d8357-760a-549a-9fc7-1ce60504e63b,273348470,2026-08-20 00:00:00+00:00,0,0.2327692283915661,2
gfw:0b4ffe4e2-2509-e66d-0082-02c6014254c5,0b4ffe4e2-2509-e66d-0082-02c6014254c5,461000231,2026-08-20 00:00:00+00:00,0,0.14271959907530815,1
gfw:e8cd5f231-1a9f-80a8-940d-20e1862d0164,e8cd5f231-1a9f-80a8-940d-20e1862d0164,273824900,2026-08-20 00:00:00+00:00,0,0.1371019444336976,1
gfw:67cac1f7b-b38e-e793-3f4d-f12cdf85c712,67cac1f7b-b38e-e793-3f4d-f12cdf85c712,352003016,2026-08-20 00:00:00+00:00,0,0.13352799655022396,2
gfw:60224341b-ba89-c132-8390-b702e6942410,60224341b-ba89-c132-8390-b702e6942410,538012015,2026-08-20 00:00:00+00:00,0,0.1041403516202518,2
gfw:4907e5f72-2f11-73d6-f545-e5c755424fb3,4907e5f72-2f11-73d6-f545-e5c755424fb3,241734000,2026-08-20 00:00:00+00:00,0,0.09800095592350064,2
gfw:52ee918b7-70f3-dc76-41b3-71de4535a404,52ee918b7-70f3-dc76-41b3-71de4535a404,215378000,2026-08-20 00:00:00+00:00,0,0.06299142875530096,2
gfw:78a2cd22e-e361-bb4c-2279-cd3308e99115,78a2cd22e-e361-bb4c-2279-cd3308e99115,244201000,2026-08-20 00:00:00+00:00,0,0.055316580762329336,2
gfw:159c88fa1-129b-e670-eca9-7d04491dd78c,159c88fa1-129b-e670-eca9-7d04491dd78c,273320610,2026-08-20 00:00:00+00:00,0,0.05038960984923633,2
gfw:ba7345d12-2e35-f5ac-041c-725c97187d22,ba7345d12-2e35-f5ac-041c-725c97187d22,273352700,2026-08-20 00:00:00+00:00,0,0.047114047497201085,2
gfw:44d5e6668-8d8a-c9cf-c9e2-f98a14f8f347,44d5e6668-8d8a-c9cf-c9e2-f98a14f8f347,251100804,2026-08-20 00:00:00+00:00,0,0.042751864412276144,1
gfw:7ac938202-2f08-2477-93da-cd20df6017fc,7ac938202-2f08-2477-93da-cd20df6017fc,231075000,2026-08-20 00:00:00+00:00,0,0.041587721973737016,2
gfw:adcb92507-751e-747d-b5d5-1a70ab0797a6,adcb92507-751e-747d-b5d5-1a70ab0797a6,273394950,2026-08-20 00:00:00+00:00,0,0.034959070210386495,0
gfw:b25131e48-8f1d-ceec-4a6d-47ce9772503e,b25131e48-8f1d-ceec-4a6d-47ce9772503e,273428230,2026-08-20 00:00:00+00:00,0,0.03024646662205504,2
gfw:5b484b1e0-0c75-05ed-d3b7-a0b3e11bf853,5b484b1e0-0c75-05ed-d3b7-a0b3e11bf853,273533100,2026-08-20 00:00:00+00:00,0,0.02946254183573784,0
gfw:332a3b0a0-0ec2-228f-0bf2-b6357a7ee677,332a3b0a0-0ec2-228f-0bf2-b6357a7ee677,273345230,2026-08-20 00:00:00+00:00,0,0.028279426507769656,2
gfw:fa948c54c-c97d-019d-9a7f-ae7f46f67853,fa948c54c-c97d-019d-9a7f-ae7f46f67853,273212000,2026-08-20 00:00:00+00:00,0,0.024848466715996942,2
gfw:a901c9aa4-4ad4-68e0-7959-6bb2307a437f,a901c9aa4-4ad4-68e0-7959-6bb2307a437f,273619100,2026-08-20 00:00:00+00:00,0,0.022209353469718068,1
gfw:d8647bdc2-27df-3315-b1fa-91c6bdd01d72,d8647bdc2-27df-3315-b1fa-91c6bdd01d72,372685000,2026-08-20 00:00:00+00:00,0,0.02165720195552325,1
gfw:34ab7b8f1-1153-dcae-3175-7a24163b7859,34ab7b8f1-1153-dcae-3175-7a24163b7859,273445180,2026-08-21 00:00:00+00:00,0,0.9714602498354413,2
gfw:78e9886b5-5526-c70e-88a1-6f4cfefde47b,78e9886b5-5526-c70e-88a1-6f4cfefde47b,273612170,2026-08-21 00:00:00+00:00,0,0.9143356248640178,1
gfw:26201fa01-1611-d444-8d95-673ec65ee048,26201fa01-1611-d444-8d95-673ec65ee048,352002086,2026-08-21 00:00:00+00:00,0,0.899733925764702,2
gfw:f78267a39-9375-b87a-3f17-fa526f846101,f78267a39-9375-b87a-3f17-fa526f846101,636022406,2026-08-21 00:00:00+00:00,0,0.7943845169196558,2
gfw:a752aa32d-dc88-5f0e-3ab2-d2b3a5aafa79,a752aa32d-dc88-5f0e-3ab2-d2b3a5aafa79,249990000,2026-08-21 00:00:00+00:00,0,0.698332705784178,0
gfw:60224341b-ba89-c132-8390-b702e6942410,60224341b-ba89-c132-8390-b702e6942410,538012015,2026-08-21 00:00:00+00:00,0,0.6281116944337637,2
gfw:c56639d0d-d705-44dd-a3a8-3f8f0adbbf90,c56639d0d-d705-44dd-a3a8-3f8f0adbbf90,273381060,2026-08-21 00:00:00+00:00,0,0.5534320374768215,1
gfw:67b797eed-d35c-24a3-332d-e5e86b0f206a,67b797eed-d35c-24a3-332d-e5e86b0f206a,351988000,2026-08-21 00:00:00+00:00,0,0.40451240054475845,2
gfw:1196052d1-178c-536e-36eb-fcc8184893cb,1196052d1-178c-536e-36eb-fcc8184893cb,273393130,2026-08-21 00:00:00+00:00,0,0.34987468359364365,1
gfw:7f8fbca68-8b40-4cf3-edef-f26529a50ec0,7f8fbca68-8b40-4cf3-edef-f26529a50ec0,273352230,2026-08-21 00:00:00+00:00,0,0.3199425483952036,2
gfw:e8cd5f231-1a9f-80a8-940d-20e1862d0164,e8cd5f231-1a9f-80a8-940d-20e1862d0164,273824900,2026-08-21 00:00:00+00:00,0,0.3181531551065945,1
gfw:49f1d8357-760a-549a-9fc7-1ce60504e63b,49f1d8357-760a-549a-9fc7-1ce60504e63b,273348470,2026-08-21 00:00:00+00:00,0,0.3002123253653345,2
gfw:d3c33831c-c587-bf0b-50e0-2a41f849896d,d3c33831c-c587-bf0b-50e0-2a41f849896d,231766000,2026-08-21 00:00:00+00:00,0,0.266789975112749,1
gfw:2a57ba7fe-e267-694c-79f9-6ca0528b2f3f,2a57ba7fe-e267-694c-79f9-6ca0528b2f3f,371251000,2026-08-21 00:00:00+00:00,0,0.24388423841951928,2
gfw:c83d8ad41-15dd-7cdf-e8e6-b7da6716f0ba,c83d8ad41-15dd-7cdf-e8e6-b7da6716f0ba,667001249,2026-08-21 00:00:00+00:00,0,0.1884768407821237,2
gfw:86eca059a-a1c0-46e7-424c-46cf597cfc4c,86eca059a-a1c0-46e7-424c-46cf597cfc4c,273415200,2026-08-21 00:00:00+00:00,0,0.12973522262878656,0
gfw:332a3b0a0-0ec2-228f-0bf2-b6357a7ee677,332a3b0a0-0ec2-228f-0bf2-b6357a7ee677,273345230,2026-08-21 00:00:00+00:00,0,0.11054967701157811,2
gfw:f80cfe5be-e970-0618-6d06-f46b2aa1ff16,f80cfe5be-e970-0618-6d06-f46b2aa1ff16,477327900,2026-08-21 00:00:00+00:00,0,0.09956842337971322,2
gfw:4907e5f72-2f11-73d6-f545-e5c755424fb3,4907e5f72-2f11-73d6-f545-e5c755424fb3,241734000,2026-08-21 00:00:00+00:00,0,0.09800095592350064,2
gfw:ce7da8f5d-d70a-ea9d-4d32-fa1938170bad,ce7da8f5d-d70a-ea9d-4d32-fa1938170bad,273427730,2026-08-21 00:00:00+00:00,0,0.088089509523128,1
gfw:5d294c799-9d55-223e-8fc9-c8e1ec5c30a2,5d294c799-9d55-223e-8fc9-c8e1ec5c30a2,671806000,2026-08-21 00:00:00+00:00,0,0.0830495634328298,2
gfw:f20ff5b76-694a-55f0-fe67-d1e1854ce0e7,f20ff5b76-694a-55f0-fe67-d1e1854ce0e7,273291480,2026-08-21 00:00:00+00:00,0,0.06657009080211646,0
gfw:4a95f4c23-3e0d-8b35-9ed3-16a0f37587f8,4a95f4c23-3e0d-8b35-9ed3-16a0f37587f8,352004622,2026-08-21 00:00:00+00:00,0,0.06310139809554893,2
gfw:78a2cd22e-e361-bb4c-2279-cd3308e99115,78a2cd22e-e361-bb4c-2279-cd3308e99115,244201000,2026-08-21 00:00:00+00:00,0,0.055316580762329336,2
gfw:67c5b2bf8-8473-5bf9-70db-11d5f6ed1ec3,67c5b2bf8-8473-5bf9-70db-11d5f6ed1ec3,273618490,2026-08-21 00:00:00+00:00,0,0.048138705347037763,0
gfw:3a62ef499-90b8-63d1-5ad1-cb07cc16b9e6,3a62ef499-90b8-63d1-5ad1-cb07cc16b9e6,352004616,2026-08-21 00:00:00+00:00,0,0.04788009774193071,2
gfw:f2b4fddbe-e8da-28a3-c682-035d8cc71caa,f2b4fddbe-e8da-28a3-c682-035d8cc71caa,273336280,2026-08-21 00:00:00+00:00,0,0.04255003620629441,2
gfw:7ac938202-2f08-2477-93da-cd20df6017fc,7ac938202-2f08-2477-93da-cd20df6017fc,231075000,2026-08-21 00:00:00+00:00,0,0.041587721973737016,2
gfw:4c0d5120b-b762-f5e1-9175-9d8e9b9af9dc,4c0d5120b-b762-f5e1-9175-9d8e9b9af9dc,273450570,2026-08-21 00:00:00+00:00,0,0.03233989439267375,1
gfw:5b484b1e0-0c75-05ed-d3b7-a0b3e11bf853,5b484b1e0-0c75-05ed-d3b7-a0b3e11bf853,273533100,2026-08-21 00:00:00+00:00,0,0.03210886222967286,0
gfw:8e1c07a8b-b417-dc6f-0080-8c8bb0e85f3e,8e1c07a8b-b417-dc6f-0080-8c8bb0e85f3e,257155320,2026-08-22 00:00:00+00:00,0,0.9732504992424053,1
gfw:78e9886b5-5526-c70e-88a1-6f4cfefde47b,78e9886b5-5526-c70e-88a1-6f4cfefde47b,273612170,2026-08-22 00:00:00+00:00,0,0.9550714610725872,1
gfw:26201fa01-1611-d444-8d95-673ec65ee048,26201fa01-1611-d444-8d95-673ec65ee048,352002086,2026-08-22 00:00:00+00:00,0,0.899733925764702,2
gfw:f78267a39-9375-b87a-3f17-fa526f846101,f78267a39-9375-b87a-3f17-fa526f846101,636022406,2026-08-22 00:00:00+00:00,0,0.7943845169196558,2
gfw:53bc72ea5-582b-3ecf-3fbe-bcb3203a5f37,53bc72ea5-582b-3ecf-3fbe-bcb3203a5f37,273347730,2026-08-22 00:00:00+00:00,0,0.6747860205512618,2
gfw:a752aa32d-dc88-5f0e-3ab2-d2b3a5aafa79,a752aa32d-dc88-5f0e-3ab2-d2b3a5aafa79,249990000,2026-08-22 00:00:00+00:00,0,0.6565459907754422,0
gfw:b60ca78d4-4690-5338-0552-200728da2013,b60ca78d4-4690-5338-0552-200728da2013,261024850,2026-08-22 00:00:00+00:00,0,0.5703569938615275,2
gfw:49f1d8357-760a-549a-9fc7-1ce60504e63b,49f1d8357-760a-549a-9fc7-1ce60504e63b,273348470,2026-08-22 00:00:00+00:00,0,0.5027375818033565,2
gfw:e8cd5f231-1a9f-80a8-940d-20e1862d0164,e8cd5f231-1a9f-80a8-940d-20e1862d0164,273824900,2026-08-22 00:00:00+00:00,0,0.4197500384314317,1
gfw:7f8fbca68-8b40-4cf3-edef-f26529a50ec0,7f8fbca68-8b40-4cf3-edef-f26529a50ec0,273352230,2026-08-22 00:00:00+00:00,0,0.3199425483952036,2
gfw:c56639d0d-d705-44dd-a3a8-3f8f0adbbf90,c56639d0d-d705-44dd-a3a8-3f8f0adbbf90,273381060,2026-08-22 00:00:00+00:00,0,0.30275170359290965,1
gfw:d3c33831c-c587-bf0b-50e0-2a41f849896d,d3c33831c-c587-bf0b-50e0-2a41f849896d,231766000,2026-08-22 00:00:00+00:00,0,0.266789975112749,1
gfw:332a3b0a0-0ec2-228f-0bf2-b6357a7ee677,332a3b0a0-0ec2-228f-0bf2-b6357a7ee677,273345230,2026-08-22 00:00:00+00:00,0,0.20720632341355497,2
gfw:04214b136-6881-e6f9-d968-f3eefc27046e,04214b136-6881-e6f9-d968-f3eefc27046e,352005840,2026-08-22 00:00:00+00:00,0,0.1753628554229009,2
gfw:34ab7b8f1-1153-dcae-3175-7a24163b7859,34ab7b8f1-1153-dcae-3175-7a24163b7859,273445180,2026-08-22 00:00:00+00:00,0,0.1340827095605641,2
gfw:ce7da8f5d-d70a-ea9d-4d32-fa1938170bad,ce7da8f5d-d70a-ea9d-4d32-fa1938170bad,273427730,2026-08-22 00:00:00+00:00,0,0.12172633553952654,1
gfw:f20ff5b76-694a-55f0-fe67-d1e1854ce0e7,f20ff5b76-694a-55f0-fe67-d1e1854ce0e7,273291480,2026-08-22 00:00:00+00:00,0,0.10388706631754156,0
gfw:4907e5f72-2f11-73d6-f545-e5c755424fb3,4907e5f72-2f11-73d6-f545-e5c755424fb3,241734000,2026-08-22 00:00:00+00:00,0,0.09800095592350064,2
gfw:8f51d2be9-9632-fc8f-2720-23451566832e,8f51d2be9-9632-fc8f-2720-23451566832e,273891000,2026-08-22 00:00:00+00:00,0,0.08332734007728829,0
gfw:eb7bfabcc-cdd2-2ef9-d653-d73c3c6ab1ed,eb7bfabcc-cdd2-2ef9-d653-d73c3c6ab1ed,273432860,2026-08-22 00:00:00+00:00,0,0.07763329023541274,2
gfw:db8151c76-6a5d-de37-7b85-6f3e1441b482,db8151c76-6a5d-de37-7b85-6f3e1441b482,636019884,2026-08-22 00:00:00+00:00,0,0.06082076342819721,2
gfw:3f2285c02-2bcd-3279-6dcf-185cc6b61d65,3f2285c02-2bcd-3279-6dcf-185cc6b61d65,273894000,2026-08-22 00:00:00+00:00,0,0.05987401026793453,2
gfw:a901c9aa4-4ad4-68e0-7959-6bb2307a437f,a901c9aa4-4ad4-68e0-7959-6bb2307a437f,273619100,2026-08-22 00:00:00+00:00,0,0.056042132989138106,1
gfw:78a2cd22e-e361-bb4c-2279-cd3308e99115,78a2cd22e-e361-bb4c-2279-cd3308e99115,244201000,2026-08-22 00:00:00+00:00,0,0.055316580762329336,2
gfw:3929c9275-5079-005e-a855-2dd3f5dc238d,3929c9275-5079-005e-a855-2dd3f5dc238d,273611930,2026-08-22 00:00:00+00:00,0,0.05389459312501302,1
gfw:f2b4fddbe-e8da-28a3-c682-035d8cc71caa,f2b4fddbe-e8da-28a3-c682-035d8cc71caa,273336280,2026-08-22 00:00:00+00:00,0,0.051765424228050465,2
gfw:2dc34e64b-ba6a-7841-bf69-fb8803d496cc,2dc34e64b-ba6a-7841-bf69-fb8803d496cc,273412090,2026-08-22 00:00:00+00:00,0,0.04453858965884648,2
gfw:53ac792dd-df9b-c6ce-2e40-6e9d68905649,53ac792dd-df9b-c6ce-2e40-6e9d68905649,273616830,2026-08-22 00:00:00+00:00,0,0.038998295263535265,0
gfw:67c5b2bf8-8473-5bf9-70db-11d5f6ed1ec3,67c5b2bf8-8473-5bf9-70db-11d5f6ed1ec3,273618490,2026-08-22 00:00:00+00:00,0,0.03567139943459703,0
gfw:2a57ba7fe-e267-694c-79f9-6ca0528b2f3f,2a57ba7fe-e267-694c-79f9-6ca0528b2f3f,371251000,2026-08-22 00:00:00+00:00,0,0.031447445650771115,2
gfw:8e1c07a8b-b417-dc6f-0080-8c8bb0e85f3e,8e1c07a8b-b417-dc6f-0080-8c8bb0e85f3e,257155320,2026-08-23 00:00:00+00:00,0,0.9732504992424053,1
gfw:78e9886b5-5526-c70e-88a1-6f4cfefde47b,78e9886b5-5526-c70e-88a1-6f4cfefde47b,273612170,2026-08-23 00:00:00+00:00,0,0.9660009712618254,1
gfw:332a3b0a0-0ec2-228f-0bf2-b6357a7ee677,332a3b0a0-0ec2-228f-0bf2-b6357a7ee677,273345230,2026-08-23 00:00:00+00:00,0,0.9346253323273903,2
gfw:26201fa01-1611-d444-8d95-673ec65ee048,26201fa01-1611-d444-8d95-673ec65ee048,352002086,2026-08-23 00:00:00+00:00,0,0.899733925764702,2
gfw:f78267a39-9375-b87a-3f17-fa526f846101,f78267a39-9375-b87a-3f17-fa526f846101,636022406,2026-08-23 00:00:00+00:00,0,0.7943845169196558,2
gfw:49f1d8357-760a-549a-9fc7-1ce60504e63b,49f1d8357-760a-549a-9fc7-1ce60504e63b,273348470,2026-08-23 00:00:00+00:00,0,0.7716180756246942,2
gfw:53bc72ea5-582b-3ecf-3fbe-bcb3203a5f37,53bc72ea5-582b-3ecf-3fbe-bcb3203a5f37,273347730,2026-08-23 00:00:00+00:00,0,0.6747860205512618,2
gfw:555137120-0892-dfe7-52cf-2592a637544f,555137120-0892-dfe7-52cf-2592a637544f,273256250,2026-08-23 00:00:00+00:00,0,0.597382304941248,1
gfw:b60ca78d4-4690-5338-0552-200728da2013,b60ca78d4-4690-5338-0552-200728da2013,261024850,2026-08-23 00:00:00+00:00,0,0.5703569938615275,2
gfw:7f8fbca68-8b40-4cf3-edef-f26529a50ec0,7f8fbca68-8b40-4cf3-edef-f26529a50ec0,273352230,2026-08-23 00:00:00+00:00,0,0.3199425483952036,2
gfw:3f2285c02-2bcd-3279-6dcf-185cc6b61d65,3f2285c02-2bcd-3279-6dcf-185cc6b61d65,273894000,2026-08-23 00:00:00+00:00,0,0.2835385260643784,2
gfw:c56639d0d-d705-44dd-a3a8-3f8f0adbbf90,c56639d0d-d705-44dd-a3a8-3f8f0adbbf90,273381060,2026-08-23 00:00:00+00:00,0,0.21382004519991749,1
gfw:a752aa32d-dc88-5f0e-3ab2-d2b3a5aafa79,a752aa32d-dc88-5f0e-3ab2-d2b3a5aafa79,249990000,2026-08-23 00:00:00+00:00,0,0.20897335017168644,0
gfw:e8cd5f231-1a9f-80a8-940d-20e1862d0164,e8cd5f231-1a9f-80a8-940d-20e1862d0164,273824900,2026-08-23 00:00:00+00:00,0,0.19732518294957493,1
gfw:62e9f9a4d-dbce-cfce-2f7e-efba37d65496,62e9f9a4d-dbce-cfce-2f7e-efba37d65496,273613850,2026-08-23 00:00:00+00:00,0,0.17385819875237163,2
gfw:34ab7b8f1-1153-dcae-3175-7a24163b7859,34ab7b8f1-1153-dcae-3175-7a24163b7859,273445180,2026-08-23 00:00:00+00:00,0,0.1680432507823003,2
gfw:f2b4fddbe-e8da-28a3-c682-035d8cc71caa,f2b4fddbe-e8da-28a3-c682-035d8cc71caa,273336280,2026-08-23 00:00:00+00:00,0,0.10174357978626354,2
gfw:4907e5f72-2f11-73d6-f545-e5c755424fb3,4907e5f72-2f11-73d6-f545-e5c755424fb3,241734000,2026-08-23 00:00:00+00:00,0,0.09800095592350064,2
gfw:f20ff5b76-694a-55f0-fe67-d1e1854ce0e7,f20ff5b76-694a-55f0-fe67-d1e1854ce0e7,273291480,2026-08-23 00:00:00+00:00,0,0.095784527131672,0
gfw:a901c9aa4-4ad4-68e0-7959-6bb2307a437f,a901c9aa4-4ad4-68e0-7959-6bb2307a437f,273619100,2026-08-23 00:00:00+00:00,0,0.08704453140973377,1
gfw:8f51d2be9-9632-fc8f-2720-23451566832e,8f51d2be9-9632-fc8f-2720-23451566832e,273891000,2026-08-23 00:00:00+00:00,0,0.08332734007728829,0
gfw:78a2cd22e-e361-bb4c-2279-cd3308e99115,78a2cd22e-e361-bb4c-2279-cd3308e99115,244201000,2026-08-23 00:00:00+00:00,0,0.055316580762329336,2
gfw:ce7da8f5d-d70a-ea9d-4d32-fa1938170bad,ce7da8f5d-d70a-ea9d-4d32-fa1938170bad,273427730,2026-08-23 00:00:00+00:00,0,0.05174797347809644,1
gfw:67c5b2bf8-8473-5bf9-70db-11d5f6ed1ec3,67c5b2bf8-8473-5bf9-70db-11d5f6ed1ec3,273618490,2026-08-23 00:00:00+00:00,0,0.04459800842797388,0
gfw:e1dcdc88d-dfaf-25e4-70d3-72d9b2a26d8e,e1dcdc88d-dfaf-25e4-70d3-72d9b2a26d8e,273389300,2026-08-23 00:00:00+00:00,0,0.043490433211695566,2
gfw:a9e544e4d-db9a-949c-3822-8804c97935b4,a9e544e4d-db9a-949c-3822-8804c97935b4,231920000,2026-08-23 00:00:00+00:00,0,0.039307028912537345,2
gfw:1289f4b93-3968-f219-9834-58cc11d63216,1289f4b93-3968-f219-9834-58cc11d63216,273330280,2026-08-23 00:00:00+00:00,0,0.03751849223708984,1
gfw:ad5b03958-8706-ed4e-baf6-a426e39b8621,ad5b03958-8706-ed4e-baf6-a426e39b8621,273429780,2026-08-23 00:00:00+00:00,0,0.035962030050904335,1
gfw:9abf63141-1080-74ce-03b0-3a5e94221f05,9abf63141-1080-74ce-03b0-3a5e94221f05,273311050,2026-08-23 00:00:00+00:00,0,0.031125824968632806,0
gfw:55a609974-4d8d-6b0e-b85a-19fb89febc28,55a609974-4d8d-6b0e-b85a-19fb89febc28,205168000,2026-08-23 00:00:00+00:00,0,0.0308409720130567,2
gfw:b25131e48-8f1d-ceec-4a6d-47ce9772503e,b25131e48-8f1d-ceec-4a6d-47ce9772503e,273428230,2026-08-23 00:00:00+00:00,0,0.03024646662205523,2
gfw:8e1c07a8b-b417-dc6f-0080-8c8bb0e85f3e,8e1c07a8b-b417-dc6f-0080-8c8bb0e85f3e,257155320,2026-08-24 00:00:00+00:00,0,0.9732504992424053,1
gfw:78e9886b5-5526-c70e-88a1-6f4cfefde47b,78e9886b5-5526-c70e-88a1-6f4cfefde47b,273612170,2026-08-24 00:00:00+00:00,0,0.9524791776715479,1
gfw:26201fa01-1611-d444-8d95-673ec65ee048,26201fa01-1611-d444-8d95-673ec65ee048,352002086,2026-08-24 00:00:00+00:00,0,0.899733925764702,2
gfw:f78267a39-9375-b87a-3f17-fa526f846101,f78267a39-9375-b87a-3f17-fa526f846101,636022406,2026-08-24 00:00:00+00:00,0,0.7943845169196558,2
gfw:d2d030771-1235-f788-8275-64ded82b9f4b,d2d030771-1235-f788-8275-64ded82b9f4b,273815080,2026-08-24 00:00:00+00:00,0,0.7633421599198597,1
gfw:53bc72ea5-582b-3ecf-3fbe-bcb3203a5f37,53bc72ea5-582b-3ecf-3fbe-bcb3203a5f37,273347730,2026-08-24 00:00:00+00:00,0,0.6747860205512618,2
gfw:b60ca78d4-4690-5338-0552-200728da2013,b60ca78d4-4690-5338-0552-200728da2013,261024850,2026-08-24 00:00:00+00:00,0,0.5703569938615275,2
gfw:7f8fbca68-8b40-4cf3-edef-f26529a50ec0,7f8fbca68-8b40-4cf3-edef-f26529a50ec0,273352230,2026-08-24 00:00:00+00:00,0,0.3199425483952036,2
gfw:ad5b03958-8706-ed4e-baf6-a426e39b8621,ad5b03958-8706-ed4e-baf6-a426e39b8621,273429780,2026-08-24 00:00:00+00:00,0,0.3066948774470041,1
gfw:938c3cd67-7ed0-57db-29cc-b7d7c292e670,938c3cd67-7ed0-57db-29cc-b7d7c292e670,477208300,2026-08-24 00:00:00+00:00,0,0.30408622054357687,2
gfw:b7fa6e09d-d9f8-2ae7-41a8-3bb6a1417e89,b7fa6e09d-d9f8-2ae7-41a8-3bb6a1417e89,273413550,2026-08-24 00:00:00+00:00,0,0.2658467197031416,1
gfw:49f1d8357-760a-549a-9fc7-1ce60504e63b,49f1d8357-760a-549a-9fc7-1ce60504e63b,273348470,2026-08-24 00:00:00+00:00,0,0.20901050420695974,2
gfw:332a3b0a0-0ec2-228f-0bf2-b6357a7ee677,332a3b0a0-0ec2-228f-0bf2-b6357a7ee677,273345230,2026-08-24 00:00:00+00:00,0,0.19543166660403047,2
gfw:37882d4a0-0190-496f-5909-c0e215ad40d8,37882d4a0-0190-496f-5909-c0e215ad40d8,273431480,2026-08-24 00:00:00+00:00,0,0.1826268776515076,1
gfw:3f2285c02-2bcd-3279-6dcf-185cc6b61d65,3f2285c02-2bcd-3279-6dcf-185cc6b61d65,273894000,2026-08-24 00:00:00+00:00,0,0.17209355371181348,2
gfw:e5c6113a6-61bb-4ff6-de6b-6da74aef7439,e5c6113a6-61bb-4ff6-de6b-6da74aef7439,273430940,2026-08-24 00:00:00+00:00,0,0.16750681558803499,0
gfw:a901c9aa4-4ad4-68e0-7959-6bb2307a437f,a901c9aa4-4ad4-68e0-7959-6bb2307a437f,273619100,2026-08-24 00:00:00+00:00,0,0.1572491590406576,1
gfw:c56639d0d-d705-44dd-a3a8-3f8f0adbbf90,c56639d0d-d705-44dd-a3a8-3f8f0adbbf90,273381060,2026-08-24 00:00:00+00:00,0,0.1422965307983662,1
gfw:34ab7b8f1-1153-dcae-3175-7a24163b7859,34ab7b8f1-1153-dcae-3175-7a24163b7859,273445180,2026-08-24 00:00:00+00:00,0,0.10160611263669617,2
gfw:4907e5f72-2f11-73d6-f545-e5c755424fb3,4907e5f72-2f11-73d6-f545-e5c755424fb3,241734000,2026-08-24 00:00:00+00:00,0,0.09800095592350064,2
gfw:a752aa32d-dc88-5f0e-3ab2-d2b3a5aafa79,a752aa32d-dc88-5f0e-3ab2-d2b3a5aafa79,249990000,2026-08-24 00:00:00+00:00,0,0.060820042529013414,0
gfw:62e9f9a4d-dbce-cfce-2f7e-efba37d65496,62e9f9a4d-dbce-cfce-2f7e-efba37d65496,273613850,2026-08-24 00:00:00+00:00,0,0.05894347036599557,2
gfw:78a2cd22e-e361-bb4c-2279-cd3308e99115,78a2cd22e-e361-bb4c-2279-cd3308e99115,244201000,2026-08-24 00:00:00+00:00,0,0.055316580762329336,2
gfw:1d96cdd52-2317-df9b-546a-df0fb13ce09f,1d96cdd52-2317-df9b-546a-df0fb13ce09f,352001930,2026-08-24 00:00:00+00:00,0,0.05375345140600764,2
gfw:1272e7b6f-f6c9-012b-3d08-8d021c11f257,1272e7b6f-f6c9-012b-3d08-8d021c11f257,273380430,2026-08-24 00:00:00+00:00,0,0.053439741418475996,0
gfw:f2b4fddbe-e8da-28a3-c682-035d8cc71caa,f2b4fddbe-e8da-28a3-c682-035d8cc71caa,273336280,2026-08-24 00:00:00+00:00,0,0.04201388647835085,2
gfw:c7afe3c35-5cf5-5453-b894-00da96cba644,c7afe3c35-5cf5-5453-b894-00da96cba644,273415570,2026-08-24 00:00:00+00:00,0,0.040434572655463644,2
gfw:a9e544e4d-db9a-949c-3822-8804c97935b4,a9e544e4d-db9a-949c-3822-8804c97935b4,231920000,2026-08-24 00:00:00+00:00,0,0.039307028912537345,2
gfw:a8138b22f-f183-d66b-420a-79fed5e9bf2a,a8138b22f-f183-d66b-420a-79fed5e9bf2a,273150800,2026-08-24 00:00:00+00:00,0,0.0333082723246464,2
gfw:1289f4b93-3968-f219-9834-58cc11d63216,1289f4b93-3968-f219-9834-58cc11d63216,273330280,2026-08-24 00:00:00+00:00,0,0.031947952417985044,1
gfw:55a609974-4d8d-6b0e-b85a-19fb89febc28,55a609974-4d8d-6b0e-b85a-19fb89febc28,205168000,2026-08-24 00:00:00+00:00,0,0.0308409720130567,2
gfw:8e1c07a8b-b417-dc6f-0080-8c8bb0e85f3e,8e1c07a8b-b417-dc6f-0080-8c8bb0e85f3e,257155320,2026-08-25 00:00:00+00:00,0,0.9732504992424053,1
gfw:26201fa01-1611-d444-8d95-673ec65ee048,26201fa01-1611-d444-8d95-673ec65ee048,352002086,2026-08-25 00:00:00+00:00,0,0.899733925764702,2
gfw:78e9886b5-5526-c70e-88a1-6f4cfefde47b,78e9886b5-5526-c70e-88a1-6f4cfefde47b,273612170,2026-08-25 00:00:00+00:00,0,0.8727752418360625,1
gfw:f78267a39-9375-b87a-3f17-fa526f846101,f78267a39-9375-b87a-3f17-fa526f846101,636022406,2026-08-25 00:00:00+00:00,0,0.7943845169196558,2
gfw:7f8fbca68-8b40-4cf3-edef-f26529a50ec0,7f8fbca68-8b40-4cf3-edef-f26529a50ec0,273352230,2026-08-25 00:00:00+00:00,0,0.7917228232910224,2
gfw:53bc72ea5-582b-3ecf-3fbe-bcb3203a5f37,53bc72ea5-582b-3ecf-3fbe-bcb3203a5f37,273347730,2026-08-25 00:00:00+00:00,0,0.6747860205512618,2
gfw:80dacb399-9a9a-1ecc-699b-cafa4caa988a,80dacb399-9a9a-1ecc-699b-cafa4caa988a,273438500,2026-08-25 00:00:00+00:00,0,0.5836278142760881,2
gfw:b60ca78d4-4690-5338-0552-200728da2013,b60ca78d4-4690-5338-0552-200728da2013,261024850,2026-08-25 00:00:00+00:00,0,0.5703569938615275,2
gfw:37882d4a0-0190-496f-5909-c0e215ad40d8,37882d4a0-0190-496f-5909-c0e215ad40d8,273431480,2026-08-25 00:00:00+00:00,0,0.5390241796460254,1
gfw:ad5b03958-8706-ed4e-baf6-a426e39b8621,ad5b03958-8706-ed4e-baf6-a426e39b8621,273429780,2026-08-25 00:00:00+00:00,0,0.4815245892554361,1
gfw:332a3b0a0-0ec2-228f-0bf2-b6357a7ee677,332a3b0a0-0ec2-228f-0bf2-b6357a7ee677,273345230,2026-08-25 00:00:00+00:00,0,0.4772305370482805,2
gfw:a901c9aa4-4ad4-68e0-7959-6bb2307a437f,a901c9aa4-4ad4-68e0-7959-6bb2307a437f,273619100,2026-08-25 00:00:00+00:00,0,0.3099237025014065,1
gfw:6811516e6-6760-227e-255c-775515d17cfd,6811516e6-6760-227e-255c-775515d17cfd,273613170,2026-08-25 00:00:00+00:00,0,0.22578873830017712,1
gfw:d2d030771-1235-f788-8275-64ded82b9f4b,d2d030771-1235-f788-8275-64ded82b9f4b,273815080,2026-08-25 00:00:00+00:00,0,0.17025024492299398,1
gfw:c56639d0d-d705-44dd-a3a8-3f8f0adbbf90,c56639d0d-d705-44dd-a3a8-3f8f0adbbf90,273381060,2026-08-25 00:00:00+00:00,0,0.16253973880403155,1
gfw:b9d68030b-bf8a-efd1-5393-4cacb886d873,b9d68030b-bf8a-efd1-5393-4cacb886d873,273516500,2026-08-25 00:00:00+00:00,0,0.1498085818026007,1
gfw:3929c9275-5079-005e-a855-2dd3f5dc238d,3929c9275-5079-005e-a855-2dd3f5dc238d,273611930,2026-08-25 00:00:00+00:00,0,0.12395232478456869,1
gfw:3f2285c02-2bcd-3279-6dcf-185cc6b61d65,3f2285c02-2bcd-3279-6dcf-185cc6b61d65,273894000,2026-08-25 00:00:00+00:00,0,0.10736314950961495,2
gfw:34ab7b8f1-1153-dcae-3175-7a24163b7859,34ab7b8f1-1153-dcae-3175-7a24163b7859,273445180,2026-08-25 00:00:00+00:00,0,0.08621499307640351,2
gfw:49f1d8357-760a-549a-9fc7-1ce60504e63b,49f1d8357-760a-549a-9fc7-1ce60504e63b,273348470,2026-08-25 00:00:00+00:00,0,0.0829125887959167,2
gfw:f2b4fddbe-e8da-28a3-c682-035d8cc71caa,f2b4fddbe-e8da-28a3-c682-035d8cc71caa,273336280,2026-08-25 00:00:00+00:00,0,0.06571925429172894,2
gfw:1272e7b6f-f6c9-012b-3d08-8d021c11f257,1272e7b6f-f6c9-012b-3d08-8d021c11f257,273380430,2026-08-25 00:00:00+00:00,0,0.060095230277875264,0
gfw:21c0cfe0b-b4ae-df69-3666-412c30bbab52,21c0cfe0b-b4ae-df69-3666-412c30bbab52,273277600,2026-08-25 00:00:00+00:00,0,0.03961985901083493,2
gfw:b7fa6e09d-d9f8-2ae7-41a8-3bb6a1417e89,b7fa6e09d-d9f8-2ae7-41a8-3bb6a1417e89,273413550,2026-08-25 00:00:00+00:00,0,0.039016733194394464,1
gfw:7b7e49f39-984c-c5bc-8fb0-4ba074334403,7b7e49f39-984c-c5bc-8fb0-4ba074334403,273255020,2026-08-25 00:00:00+00:00,0,0.03488611221905018,1
gfw:6380de2ce-e2ce-4ccf-7562-9aa6d4fc7a21,6380de2ce-e2ce-4ccf-7562-9aa6d4fc7a21,314245000,2026-08-25 00:00:00+00:00,0,0.032029249593042035,0
gfw:55a609974-4d8d-6b0e-b85a-19fb89febc28,55a609974-4d8d-6b0e-b85a-19fb89febc28,205168000,2026-08-25 00:00:00+00:00,0,0.0308409720130567,2
gfw:aa3424b1b-bc63-37ad-e733-c6660a59b077,aa3424b1b-bc63-37ad-e733-c6660a59b077,311002115,2026-08-25 00:00:00+00:00,0,0.024530126942376457,1
gfw:6182cc0c7-715e-c596-fc05-df74892f6975,6182cc0c7-715e-c596-fc05-df74892f6975,352005654,2026-08-25 00:00:00+00:00,0,0.02184745179677131,2
gfw:1289f4b93-3968-f219-9834-58cc11d63216,1289f4b93-3968-f219-9834-58cc11d63216,273330280,2026-08-25 00:00:00+00:00,0,0.020549614793541282,1
gfw:540ee6fe7-714f-75c2-0e71-3c78696b1f06,540ee6fe7-714f-75c2-0e71-3c78696b1f06,636024311,2026-08-25 00:00:00+00:00,0,0.01892137077881145,2
